UC1-Create a payroll service database

mysql> create database payroll_service;
Query OK, 1 row affected  (0.51 sec)

mysql> show databases;
+---------------------+ 
| Database            |
+---------------------+
| addressbook_service |
| employee_payroll    |
| information_schema  |
| mysql               |
| payroll_service     |
| payroll_service |
| performance_schema  |
| sys                 |
+---------------------+
8 rows in set (0.70 sec)

mysql> use payroll_service;
Database changed

UC2-Create employee payroll table in payroll service database

mysql> create table employee_payroll(
    -> id int unsigned not null auto_increment,
    -> name varchar(30) not null,
    -> salary double not null,
    -> start_date date not null,
    -> primary key(id));
Query OK, 0 rows affected (1.27 sec)

mysql> desc employee_payroll;
+------------+--------------+------+-----+---------+----------------+
| Field      | Type         | Null | Key | Default | Extra          |
+------------+--------------+------+-----+---------+----------------+
| id         | int unsigned | NO   | PRI | NULL    | auto_increment |
| name       | varchar(30)  | NO   |     | NULL    |                |
| salary     | double       | NO   |     | NULL    |                |
| start_date | date         | NO   |     | NULL    |                |
+------------+--------------+------+-----+---------+----------------+
4 rows in set (0.31 sec)

UC3-Create employee payroll data in payroll service database as part of CURD operation

mysql> insert into employee_payroll(name,salary,start_date)values('Bill',1000000.00,'2010-10-30'),('Tersia',2000000.00,'2019-11-13'),('Charlie',300000.00,'2020-05-21');
Query OK, 3 rows affected (0.54 sec)
Records: 3  Duplicates: 0  Warnings: 0

UC4-Retrieve all employee payroll data from employee payroll table

mysql> select * from employee_payroll;
+----+---------+---------+------------+
| id | name    | salary  | start_date |
+----+---------+---------+------------+
|  1 | Bill    | 1000000 | 2010-10-30 |
|  2 | Tersia  | 2000000 | 2019-11-13 |
|  3 | Charlie |  300000 | 2020-05-21 |
+----+---------+---------+------------+
3 rows in set (0.01 sec)
UC5-Retrieve salary data for particular employee as wll as employees particular data range

<<<<<<< HEAD
mysql> select salary from employee_payroll where name = 'Bill';
=======
mysql> select salary from employee_payroll_new where name = 'Bill';
>>>>>>> UC6_Add_gender_into_table_and_update
+---------+
| salary  |
+---------+
| 1000000 |
+---------+
1 row in set (0.00 sec)
<<<<<<< HEAD
=======

>>>>>>> UC6_Add_gender_into_table_and_update
mysql> select start_date from employee_payroll where start_date between cast('2018-01-01' as date) and date(now());
+------------+
| start_date |
+------------+
| 2019-11-13 |
| 2020-05-21 |
+------------+
2 rows in set (0.04 sec)
<<<<<<< HEAD
=======

UC6-Add gender to employee payroll table and update rows to reflect correct employee gender

mysql> alter table employee_payroll add gender varchar(1) after name;
Query OK, 0 rows affected (0.36 sec)
Records: 0  Duplicates: 0  Warnings: 0

mysql> select * from employee_payroll;
+----+---------+--------+---------+------------+
| id | name    | gender | salary  | start_date |
+----+---------+--------+---------+------------+
|  1 | Bill    | NULL   | 1000000 | 2010-10-30 |
|  2 | Tersia  | NULL   | 2000000 | 2019-11-13 |
|  3 | Charlie | NULL   |  300000 | 2020-05-21 |
+----+---------+--------+---------+------------+
3 rows in set (0.00 sec)

mysql> update employee_payroll set gender = 'M'  where name = 'Bill' or  name = 'Charlie';
Query OK, 2 rows affected (0.08 sec)
Rows matched: 2  Changed: 2  Warnings: 0

mysql> update employee_payroll set gender = 'F'  where name = 'Tersia';
Query OK, 1 row affected (0.05 sec)
Rows matched: 1  Changed: 1  Warnings: 0